url,ip_address,label,client_id
https://security.netflix-confirm-wallet-67791.click/verify/account?redirect=https%3A%2F%2Fexample.com,185.212.235.121,1,1
https://wallet-signin-update-33476.work/password/recover?redirect=https%3A%2F%2Fexample.com,185.123.242.89,1,1
http://bbc.com/help,1.1.1.1,0,1
http://185.43.161.25/webscr,185.17.123.111,1,1
http://accounts.security.bank-auth-support-54297.work/invoice,185.183.174.152,1,1
https://support.bbc.com/search,8.8.8.8,0,1
https://nytimes.com/about,208.67.222.222,0,1
http://login.verify.paypal-secure-login-78780.click/verify/account,185.66.248.134,1,1
http://wallet-confirm-wallet-80183.info/invoice?redirect=https%3A%2F%2Fexample.com,185.44.68.30,1,1
http://security.bank-account-verify-90867.work/invoice?continue=signin&auth=1,185.96.40.116,1,1
http://accounts.security.microsoft-confirm-wallet-98645.info/login?continue=signin&auth=1,185.157.139.123,1,1
http://security.microsoft-auth-support-74217.click/password/recover?continue=signin&auth=1,185.77.105.16,1,1
https://login.verify.netflix-secure-login-201.live/webscr,185.117.126.247,1,1
http://user@apple-auth-support-43646.click/invoice,185.107.52.232,1,1
https://accounts.security.netflix-confirm-wallet-13097.xyz/login?redirect=https%3A%2F%2Fexample.com,185.115.213.178,1,1
http://login.verify.microsoft-secure-login-24771.xyz/invoice,185.134.134.199,1,1
http://google-confirm-wallet-42111.info/webscr?redirect=https%3A%2F%2Fexample.com,185.52.177.114,1,1
https://security.wallet-signin-update-47213.click/login?redirect=https%3A%2F%2Fexample.com,185.104.252.242,1,1
http://user@accounts.security.amazon-account-verify-67677.top/verify/account?redirect=https%3A%2F%2Fexample.com,185.161.135.39,1,1
https://security.wallet-confirm-wallet-3252.info/password/recover?continue=signin&auth=1,185.218.6.17,1,1
http://accounts.security.apple-secure-login-47454.support/verify/account?continue=signin&auth=1,185.168.242.35,1,1
http://wallet-auth-support-47631.click/login,185.88.135.248,1,1
http://accounts.security.netflix-signin-update-86060.buzz/verify/account,185.112.14.80,1,1
http://user@login.verify.netflix-secure-login-27897.support/webscr?continue=signin&auth=1,185.65.106.78,1,1
http://login.verify.paypal-confirm-wallet-87499.info/login?continue=signin&auth=1,185.71.66.219,1,1
http://security.microsoft-confirm-wallet-20441.xyz/login?redirect=https%3A%2F%2Fexample.com,185.123.7.99,1,1
http://accounts.security.netflix-confirm-wallet-18595.support/login,185.81.192.93,1,1
https://login.verify.microsoft-confirm-wallet-35603.xyz/password/recover?redirect=https%3A%2F%2Fexample.com,185.134.172.81,1,1
http://login.verify.google-signin-update-74111.info/verify/account?continue=signin&auth=1,185.30.4.254,1,1
https://login.verify.amazon-confirm-wallet-12950.click/webscr?redirect=https%3A%2F%2Fexample.com,185.211.210.171,1,1
http://security.paypal-signin-update-87965.buzz/verify/account?redirect=https%3A%2F%2Fexample.com,185.110.112.211,1,1
http://security.amazon-secure-login-27733.info/webscr?continue=signin&auth=1,185.68.107.208,1,1
https://bank-auth-support-59767.info/verify/account,185.157.24.147,1,1
http://support.bbc.com/search,1.1.1.1,0,1
http://login.verify.microsoft-secure-login-18530.click/password/recover?continue=signin&auth=1,185.166.167.54,1,1
http://login.verify.netflix-auth-support-48993.work/webscr,185.214.17.1,1,1
http://accounts.security.wallet-secure-login-4290.buzz/password/recover,185.43.65.233,1,1
http://login.verify.apple-account-verify-18534.support/password/recover?redirect=https%3A%2F%2Fexample.com,185.169.106.14,1,1
http://accounts.security.bank-signin-update-85228.work/invoice?continue=signin&auth=1,185.130.131.125,1,1
https://user@accounts.security.bank-auth-support-66499.click/password/recover?redirect=https%3A%2F%2Fexample.com,185.127.12.131,1,1
https://user@bank-account-verify-32054.xyz/login?redirect=https%3A%2F%2Fexample.com,185.180.190.169,1,1
https://nytimes.com/products,8.8.8.8,0,1
http://accounts.security.wallet-account-verify-45900.click/webscr?continue=signin&auth=1,185.153.250.197,1,1
https://accounts.security.netflix-confirm-wallet-17201.work/password/recover?redirect=https%3A%2F%2Fexample.com,185.198.93.204,1,1
http://login.verify.microsoft-account-verify-63692.live/webscr?continue=signin&auth=1,185.103.207.81,1,1
https://docs.mozilla.org/help,1.1.1.1,0,1
http://security.bank-secure-login-80075.info/password/recover,185.193.87.28,1,1
https://login.verify.bank-secure-login-74557.click/password/recover?redirect=https%3A%2F%2Fexample.com,185.143.52.170,1,1
http://user@accounts.security.google-signin-update-14419.live/verify/account?continue=signin&auth=1,185.97.6.169,1,1
https://login.verify.netflix-confirm-wallet-45735.live/verify/account,185.49.138.146,1,1
https://www.apple.com/home,208.67.222.222,0,1
https://support.cloudflare.com/products,8.8.8.8,0,1
http://login.verify.paypal-signin-update-73054.support/login?redirect=https%3A%2F%2Fexample.com,185.131.103.130,1,1
http://user@amazon-auth-support-35564.live/login?continue=signin&auth=1,185.67.206.133,1,1
https://www.amazon.com/products,9.9.9.9,0,1
http://185.43.182.134/password/recover,185.16.83.144,1,1
http://accounts.security.google-confirm-wallet-85965.click/invoice?redirect=https%3A%2F%2Fexample.com,185.170.33.141,1,1
http://user@netflix-confirm-wallet-58812.click/login?continue=signin&auth=1,185.88.154.24,1,1
https://google-confirm-wallet-94354.xyz/login?redirect=https%3A%2F%2Fexample.com,185.114.116.27,1,1
http://security.apple-account-verify-49762.info/password/recover,185.137.79.190,1,1
http://accounts.security.google-confirm-wallet-26512.support/password/recover?redirect=https%3A%2F%2Fexample.com,185.117.229.122,1,1
http://security.wallet-account-verify-82444.work/login,185.215.245.150,1,1
https://user@bank-secure-login-75612.click/invoice?continue=signin&auth=1,185.122.1.239,1,1
http://google-account-verify-7061.live/verify/account?redirect=https%3A%2F%2Fexample.com,185.10.169.38,1,1
http://accounts.security.netflix-account-verify-76879.xyz/password/recover?redirect=https%3A%2F%2Fexample.com,185.118.223.235,1,1
http://185.43.53.79/login,185.113.161.96,1,1
http://security.microsoft-auth-support-62404.click/invoice,185.12.149.111,1,1
https://accounts.security.microsoft-auth-support-63544.xyz/verify/account?continue=signin&auth=1,185.168.159.65,1,1
http://bank-confirm-wallet-90277.info/invoice?redirect=https%3A%2F%2Fexample.com,185.22.29.32,1,1
https://microsoft-account-verify-74271.buzz/verify/account?continue=signin&auth=1,185.209.30.53,1,1
http://security.amazon-account-verify-7938.xyz/password/recover?continue=signin&auth=1,185.89.150.227,1,1
http://security.google-confirm-wallet-21359.click/password/recover?continue=signin&auth=1,185.91.107.49,1,1
http://user@security.bank-confirm-wallet-81139.live/password/recover,185.71.12.131,1,1
https://user@security.paypal-confirm-wallet-69528.xyz/verify/account?continue=signin&auth=1,185.203.206.45,1,1
http://login.verify.apple-secure-login-36110.support/login,185.116.34.224,1,1
http://user@microsoft-confirm-wallet-75267.info/login?redirect=https%3A%2F%2Fexample.com,185.166.156.129,1,1
http://login.verify.google-account-verify-58675.support/invoice?continue=signin&auth=1,185.125.71.98,1,1
https://www.mit.edu/search,1.1.1.1,0,1
https://login.verify.bank-secure-login-72531.click/webscr?continue=signin&auth=1,185.155.197.133,1,1
https://linkedin.com/home,1.1.1.1,0,1
https://amazon-confirm-wallet-89363.top/password/recover?continue=signin&auth=1,185.187.18.210,1,1
http://security.microsoft-auth-support-27681.xyz/login,185.159.150.47,1,1
http://security.bank-auth-support-67169.top/verify/account,185.147.155.59,1,1
http://security.netflix-account-verify-75651.buzz/verify/account?redirect=https%3A%2F%2Fexample.com,185.27.89.16,1,1
http://185.43.223.126/password/recover,185.127.94.13,1,1
https://login.verify.bank-account-verify-51514.live/login,185.84.187.218,1,1
https://amazon-confirm-wallet-1227.work/login?redirect=https%3A%2F%2Fexample.com,185.68.99.23,1,1
http://user@login.verify.wallet-secure-login-75475.live/password/recover?redirect=https%3A%2F%2Fexample.com,185.93.44.206,1,1
http://security.amazon-account-verify-22158.top/password/recover,185.143.155.156,1,1
https://login.verify.microsoft-secure-login-84162.top/password/recover?continue=signin&auth=1,185.168.105.116,1,1
http://login.verify.bank-confirm-wallet-34572.support/password/recover?continue=signin&auth=1,185.116.211.42,1,1
http://accounts.security.microsoft-signin-update-18361.xyz/login?continue=signin&auth=1,185.112.158.158,1,1
https://www.cloudflare.com/blog?q=security,1.1.1.1,0,1
http://login.verify.netflix-account-verify-17557.top/invoice?continue=signin&auth=1,185.154.171.209,1,1
https://microsoft.com/home?q=security,76.76.2.0,0,1
http://login.verify.apple-signin-update-33656.support/login?continue=signin&auth=1,185.92.184.232,1,1
http://accounts.security.apple-account-verify-19682.buzz/login?continue=signin&auth=1,185.155.234.164,1,1
https://login.verify.wallet-signin-update-50690.support/login?redirect=https%3A%2F%2Fexample.com,185.30.46.88,1,1
https://accounts.security.google-confirm-wallet-82359.top/invoice,185.53.205.29,1,1
http://login.verify.microsoft-account-verify-27305.live/verify/account?redirect=https%3A%2F%2Fexample.com,185.145.111.185,1,1
http://google-confirm-wallet-19593.live/password/recover,185.13.61.249,1,1
https://mozilla.org/docs,208.67.222.222,0,1
http://support.amazon.com/search,76.76.2.0,0,1
https://security.google-signin-update-20195.click/login,185.97.223.233,1,1
http://login.verify.bank-account-verify-46828.top/invoice?continue=signin&auth=1,185.62.191.23,1,1
https://security.google-secure-login-38908.work/webscr?redirect=https%3A%2F%2Fexample.com,185.220.62.87,1,1
http://login.verify.bank-account-verify-22002.info/verify/account,185.18.57.106,1,1
http://user@accounts.security.paypal-signin-update-54996.live/webscr?continue=signin&auth=1,185.59.197.161,1,1
https://security.wallet-auth-support-77724.click/invoice?continue=signin&auth=1,185.68.16.236,1,1
http://accounts.security.apple-confirm-wallet-83316.support/invoice,185.73.104.207,1,1
https://docs.apple.com/blog,208.67.222.222,0,1
https://security.bank-confirm-wallet-95411.top/login?redirect=https%3A%2F%2Fexample.com,185.118.137.98,1,1
http://bank-secure-login-30430.live/password/recover,185.43.96.125,1,1
https://www.cloudflare.com/about,208.67.222.222,0,1
http://login.verify.microsoft-confirm-wallet-9056.xyz/password/recover,185.196.166.247,1,1
https://security.netflix-auth-support-36432.buzz/login,185.44.175.179,1,1
https://login.verify.amazon-auth-support-67620.buzz/password/recover?redirect=https%3A%2F%2Fexample.com,185.58.110.198,1,1
https://amazon-auth-support-75241.xyz/webscr?continue=signin&auth=1,185.193.32.11,1,1
https://docs.amazon.com/search,208.67.222.222,0,1
https://accounts.security.netflix-auth-support-83255.live/verify/account?continue=signin&auth=1,185.23.46.37,1,1
https://wallet-auth-support-23445.top/webscr,185.173.176.138,1,1
https://bank-secure-login-53665.click/webscr?continue=signin&auth=1,185.166.80.70,1,1
https://login.verify.amazon-auth-support-4942.buzz/invoice?redirect=https%3A%2F%2Fexample.com,185.122.21.29,1,1
http://paypal-account-verify-28427.info/verify/account,185.194.100.185,1,1
http://accounts.security.microsoft-auth-support-82192.live/verify/account,185.140.238.131,1,1
http://microsoft-auth-support-9642.work/verify/account,185.159.141.183,1,1
https://security.amazon-signin-update-70188.buzz/password/recover?redirect=https%3A%2F%2Fexample.com,185.46.161.6,1,1
http://login.verify.amazon-account-verify-80605.work/verify/account,185.207.20.111,1,1
https://accounts.security.microsoft-confirm-wallet-79092.info/password/recover?continue=signin&auth=1,185.27.192.181,1,1
https://user@amazon-auth-support-66225.xyz/invoice,185.82.196.194,1,1
http://security.wallet-signin-update-34762.xyz/password/recover?redirect=https%3A%2F%2Fexample.com,185.162.114.90,1,1
http://security.google-account-verify-64737.work/invoice?continue=signin&auth=1,185.182.225.41,1,1
http://user@security.google-confirm-wallet-41350.info/verify/account,185.186.59.221,1,1
https://support.linkedin.com/about,1.1.1.1,0,1
http://login.verify.google-confirm-wallet-62306.info/verify/account?continue=signin&auth=1,185.165.75.220,1,1
http://185.43.222.209/verify/account,185.40.249.53,1,1
https://accounts.security.apple-confirm-wallet-12532.work/webscr?continue=signin&auth=1,185.22.44.82,1,1
http://login.verify.apple-signin-update-67328.live/webscr?redirect=https%3A%2F%2Fexample.com,185.30.134.239,1,1
https://security.wallet-account-verify-32987.click/invoice?redirect=https%3A%2F%2Fexample.com,185.219.29.122,1,1
https://paypal-account-verify-58176.click/invoice,185.197.224.135,1,1
https://accounts.security.microsoft-auth-support-85799.support/verify/account,185.60.125.47,1,1
http://185.43.156.140/password/recover,185.61.130.189,1,1
http://login.verify.microsoft-secure-login-38682.top/password/recover?redirect=https%3A%2F%2Fexample.com,185.13.229.242,1,1
https://linkedin.com/about?q=privacy,76.76.2.0,0,1
https://apple.com/blog,9.9.9.9,0,1
http://login.verify.amazon-auth-support-50464.support/invoice?redirect=https%3A%2F%2Fexample.com,185.176.64.41,1,1
http://accounts.security.amazon-account-verify-80071.live/webscr,185.72.214.204,1,1
http://user@login.verify.microsoft-confirm-wallet-73900.xyz/webscr,185.101.193.73,1,1
https://security.wallet-signin-update-32268.support/verify/account?redirect=https%3A%2F%2Fexample.com,185.131.202.72,1,1
http://185.43.99.238/webscr,185.118.189.64,1,1
http://security.amazon-account-verify-18238.work/webscr?redirect=https%3A%2F%2Fexample.com,185.181.33.35,1,1
http://login.verify.microsoft-secure-login-30004.info/password/recover,185.13.125.205,1,1
http://accounts.security.google-confirm-wallet-63792.live/invoice,185.25.56.209,1,1
http://apple-confirm-wallet-92924.live/verify/account,185.192.154.117,1,1
http://security.paypal-secure-login-5086.click/password/recover?continue=signin&auth=1,185.80.196.242,1,1
http://security.google-confirm-wallet-73369.support/password/recover?continue=signin&auth=1,185.132.171.163,1,1
http://security.wallet-secure-login-19581.info/login?continue=signin&auth=1,185.148.90.141,1,1
https://security.netflix-auth-support-90031.click/login,185.109.199.191,1,1
https://www.google.com/about?q=python,76.76.2.0,0,1
https://accounts.security.paypal-secure-login-74848.xyz/password/recover?redirect=https%3A%2F%2Fexample.com,185.48.62.191,1,1
http://netflix-auth-support-98354.buzz/verify/account?redirect=https%3A%2F%2Fexample.com,185.201.36.167,1,1
https://login.verify.paypal-signin-update-27559.info/invoice?continue=signin&auth=1,185.182.55.131,1,1
http://security.wallet-secure-login-79901.info/verify/account?redirect=https%3A%2F%2Fexample.com,185.211.44.219,1,1
http://security.bank-confirm-wallet-80847.live/verify/account?continue=signin&auth=1,185.215.147.10,1,1
http://accounts.security.wallet-account-verify-90129.xyz/invoice?continue=signin&auth=1,185.114.119.102,1,1
http://amazon-confirm-wallet-49949.info/verify/account?continue=signin&auth=1,185.146.207.167,1,1
https://security.bank-signin-update-23588.work/verify/account,185.152.111.220,1,1
http://security.apple-auth-support-58378.top/webscr,185.206.177.35,1,1
https://support.github.com/news?q=research,76.76.2.0,0,1
http://login.verify.paypal-auth-support-26727.info/webscr,185.206.4.122,1,1
http://185.43.72.139/invoice,185.66.125.175,1,1
http://security.paypal-signin-update-16341.work/invoice?continue=signin&auth=1,185.140.244.117,1,1
http://google-confirm-wallet-20527.click/invoice?redirect=https%3A%2F%2Fexample.com,185.190.73.180,1,1
https://www.apple.com/home,208.67.222.222,0,1
http://security.bank-auth-support-9275.top/login?redirect=https%3A%2F%2Fexample.com,185.166.200.211,1,1
http://login.verify.microsoft-secure-login-57629.top/verify/account?redirect=https%3A%2F%2Fexample.com,185.193.82.188,1,1
http://login.verify.microsoft-confirm-wallet-32751.info/password/recover,185.171.155.236,1,1
https://security.amazon-secure-login-46900.buzz/verify/account?continue=signin&auth=1,185.131.185.105,1,1
https://login.verify.bank-account-verify-81049.support/login?continue=signin&auth=1,185.156.205.239,1,1
https://user@bank-secure-login-44927.info/webscr?redirect=https%3A%2F%2Fexample.com,185.82.166.11,1,1
http://accounts.security.microsoft-auth-support-79619.xyz/login?continue=signin&auth=1,185.79.32.50,1,1
https://login.verify.apple-confirm-wallet-5799.buzz/invoice,185.11.238.216,1,1
http://bank-account-verify-1178.support/verify/account?redirect=https%3A%2F%2Fexample.com,185.63.172.67,1,1
http://accounts.security.netflix-confirm-wallet-81978.xyz/invoice?continue=signin&auth=1,185.91.135.57,1,1
http://login.verify.google-confirm-wallet-42435.live/invoice?continue=signin&auth=1,185.125.76.210,1,1
https://www.mit.edu/docs,208.67.222.222,0,1
https://security.wallet-signin-update-6776.support/webscr?continue=signin&auth=1,185.61.177.62,1,1
http://security.bank-secure-login-97350.xyz/invoice?redirect=https%3A%2F%2Fexample.com,185.89.201.83,1,1
http://user@security.apple-account-verify-78589.xyz/login?redirect=https%3A%2F%2Fexample.com,185.50.23.71,1,1
https://security.paypal-signin-update-67854.xyz/webscr,185.90.6.198,1,1
http://security.netflix-auth-support-7408.live/webscr?continue=signin&auth=1,185.88.30.87,1,1
http://paypal-account-verify-80.xyz/webscr,185.165.26.111,1,1
https://login.verify.wallet-auth-support-35220.buzz/login?redirect=https%3A%2F%2Fexample.com,185.220.57.69,1,1
https://user@security.apple-signin-update-90317.work/invoice?continue=signin&auth=1,185.105.10.38,1,1
http://accounts.security.bank-secure-login-13106.info/invoice?redirect=https%3A%2F%2Fexample.com,185.192.59.16,1,1
http://accounts.security.google-signin-update-29306.live/login?redirect=https%3A%2F%2Fexample.com,185.158.221.156,1,1
https://security.netflix-secure-login-36215.click/verify/account,185.57.128.109,1,1
https://login.verify.netflix-signin-update-35735.info/webscr,185.20.158.228,1,1
http://wallet-signin-update-81118.support/login?continue=signin&auth=1,185.44.124.37,1,1
https://user@amazon-secure-login-56888.xyz/webscr,185.213.188.72,1,1
http://185.43.175.110/password/recover,185.54.91.55,1,1
https://security.amazon-signin-update-90929.xyz/webscr?continue=signin&auth=1,185.96.8.238,1,1
https://www.github.com/help,1.1.1.1,0,1
http://login.verify.amazon-confirm-wallet-32950.support/login?continue=signin&auth=1,185.68.11.115,1,1
http://accounts.security.amazon-signin-update-44069.xyz/verify/account?continue=signin&auth=1,185.153.5.177,1,1
http://185.43.198.69/login,185.122.22.90,1,1
https://github.com/docs,208.67.222.222,0,1
https://security.wallet-secure-login-83049.support/login?redirect=https%3A%2F%2Fexample.com,185.35.64.196,1,1
http://accounts.security.microsoft-confirm-wallet-91211.live/login,185.169.53.147,1,1
https://login.verify.wallet-confirm-wallet-13778.click/password/recover,185.201.32.43,1,1
http://accounts.security.amazon-auth-support-99809.click/login?continue=signin&auth=1,185.190.74.143,1,1
http://185.43.132.160/verify/account,185.96.110.116,1,1
http://accounts.security.bank-signin-update-46703.xyz/login?continue=signin&auth=1,185.66.214.238,1,1
http://microsoft-signin-update-30814.xyz/webscr?redirect=https%3A%2F%2Fexample.com,185.144.215.73,1,1
http://login.verify.amazon-secure-login-827.info/webscr,185.12.153.193,1,1
https://support.cloudflare.com/help,8.8.8.8,0,1
http://bank-confirm-wallet-97482.click/password/recover?redirect=https%3A%2F%2Fexample.com,185.46.60.164,1,1
https://amazon-auth-support-50975.support/verify/account?redirect=https%3A%2F%2Fexample.com,185.26.148.27,1,1
https://support.bbc.com/news,208.67.222.222,0,1
http://google-account-verify-67331.click/invoice,185.35.59.202,1,1
http://security.apple-secure-login-60570.support/password/recover?continue=signin&auth=1,185.112.188.149,1,1
https://docs.stackoverflow.com/about,9.9.9.9,0,1
https://docs.nytimes.com/help?q=privacy,8.8.8.8,0,1
http://amazon-confirm-wallet-95661.info/webscr,185.97.250.207,1,1
http://login.verify.paypal-auth-support-98491.live/invoice?continue=signin&auth=1,185.40.37.63,1,1
http://accounts.security.amazon-secure-login-29215.click/verify/account?redirect=https%3A%2F%2Fexample.com,185.114.41.239,1,1
http://amazon-auth-support-14983.work/login?redirect=https%3A%2F%2Fexample.com,185.31.16.72,1,1
http://netflix-auth-support-44443.xyz/webscr?continue=signin&auth=1,185.173.35.104,1,1
https://security.amazon-account-verify-48874.buzz/password/recover?continue=signin&auth=1,185.35.209.58,1,1
http://security.microsoft-account-verify-72992.work/password/recover?continue=signin&auth=1,185.195.201.123,1,1
http://security.netflix-confirm-wallet-34835.click/webscr,185.176.140.150,1,1
http://wallet-confirm-wallet-96094.info/webscr,185.126.70.214,1,1
http://google-signin-update-63211.buzz/webscr,185.114.154.239,1,1
https://www.streamlit.io/docs,9.9.9.9,0,1
http://security.paypal-confirm-wallet-15281.click/login,185.24.134.227,1,1
http://login.verify.amazon-secure-login-49863.xyz/verify/account,185.140.110.165,1,1
http://security.amazon-account-verify-28218.info/verify/account?continue=signin&auth=1,185.169.109.20,1,1
https://www.streamlit.io/products,9.9.9.9,0,1
http://microsoft-auth-support-24097.info/invoice?continue=signin&auth=1,185.66.79.85,1,1
http://amazon-secure-login-3930.xyz/webscr,185.67.253.5,1,1
http://185.43.47.211/webscr,185.168.87.55,1,1
https://accounts.security.bank-account-verify-8190.info/login,185.101.29.221,1,1
https://user@bank-secure-login-63776.live/password/recover?continue=signin&auth=1,185.16.185.152,1,1
http://login.verify.netflix-account-verify-19229.info/verify/account,185.112.62.233,1,1
http://security.netflix-account-verify-50246.top/login,185.79.208.125,1,1
http://185.43.135.125/login,185.89.87.176,1,1
https://accounts.security.amazon-auth-support-79310.info/verify/account,185.116.195.66,1,1
http://security.wallet-account-verify-36026.support/login?continue=signin&auth=1,185.82.70.2,1,1
https://accounts.security.microsoft-auth-support-22267.click/invoice,185.73.146.155,1,1
http://185.43.218.231/login,185.52.174.27,1,1
http://185.43.206.4/invoice,185.194.64.209,1,1
http://security.wallet-secure-login-11832.buzz/verify/account?redirect=https%3A%2F%2Fexample.com,185.137.96.119,1,1
http://185.43.86.63/invoice,185.42.202.145,1,1
http://login.verify.google-signin-update-66964.top/verify/account?continue=signin&auth=1,185.172.138.178,1,1
http://security.amazon-signin-update-56744.click/password/recover,185.166.14.3,1,1
https://www.apple.com/home,208.67.222.222,0,1
http://security.netflix-confirm-wallet-56343.top/webscr,185.73.171.27,1,1
http://bank-auth-support-62248.buzz/verify/account?redirect=https%3A%2F%2Fexample.com,185.41.215.60,1,1
https://login.verify.wallet-confirm-wallet-86939.buzz/webscr,185.136.191.133,1,1
http://security.microsoft-signin-update-95673.live/invoice?redirect=https%3A%2F%2Fexample.com,185.202.32.67,1,1
https://user@accounts.security.amazon-account-verify-32648.xyz/webscr?continue=signin&auth=1,185.136.20.66,1,1
https://login.verify.google-secure-login-67498.top/webscr,185.192.76.31,1,1
https://security.amazon-signin-update-28090.work/invoice?continue=signin&auth=1,185.216.105.49,1,1
http://accounts.security.google-account-verify-55005.xyz/password/recover?redirect=https%3A%2F%2Fexample.com,185.43.246.52,1,1
https://accounts.security.amazon-secure-login-28662.top/webscr,185.56.112.147,1,1
https://docs.mit.edu/about,208.67.222.222,0,1
http://185.43.110.193/webscr,185.79.179.243,1,1
http://accounts.security.bank-account-verify-41517.support/login?redirect=https%3A%2F%2Fexample.com,185.36.34.23,1,1
https://login.verify.apple-account-verify-9460.support/invoice?continue=signin&auth=1,185.124.32.77,1,1
http://security.netflix-auth-support-45213.top/verify/account,185.102.130.159,1,1
http://security.apple-signin-update-15696.info/login,185.163.69.88,1,1
https://user@login.verify.google-auth-support-70720.xyz/invoice,185.67.24.108,1,1
http://user@amazon-signin-update-47077.click/invoice?continue=signin&auth=1,185.80.238.59,1,1
https://www.apple.com/search,208.67.222.222,0,1
https://docs.wikipedia.org/help,1.1.1.1,0,1
http://accounts.security.microsoft-auth-support-20057.xyz/verify/account,185.204.63.212,1,1
http://185.43.197.236/webscr,185.182.88.85,1,1
https://accounts.security.apple-auth-support-52007.click/login?redirect=https%3A%2F%2Fexample.com,185.120.198.86,1,1
http://accounts.security.google-signin-update-69337.work/password/recover,185.216.251.147,1,1
http://security.bank-auth-support-18575.buzz/webscr?continue=signin&auth=1,185.13.237.30,1,1
http://accounts.security.paypal-auth-support-11534.xyz/invoice,185.29.69.190,1,1
http://bank-account-verify-86607.top/verify/account?redirect=https%3A%2F%2Fexample.com,185.185.242.199,1,1
https://amazon-signin-update-77850.live/verify/account?redirect=https%3A%2F%2Fexample.com,185.123.160.38,1,1
http://google-account-verify-16549.buzz/password/recover,185.162.67.82,1,1
https://apple.com/home,8.8.8.8,0,1
https://microsoft.com/home,1.1.1.1,0,1
http://paypal-confirm-wallet-91089.click/verify/account?redirect=https%3A%2F%2Fexample.com,185.220.169.111,1,1
https://www.nytimes.com/news,8.8.8.8,0,1
http://accounts.security.apple-account-verify-33501.top/login?redirect=https%3A%2F%2Fexample.com,185.107.137.181,1,1
https://www.streamlit.io/home?q=python,1.1.1.1,0,1
https://www.google.com/docs,8.8.8.8,0,1
http://login.verify.netflix-auth-support-25410.info/login?redirect=https%3A%2F%2Fexample.com,185.61.154.63,1,1
http://user@login.verify.google-auth-support-59590.top/verify/account?continue=signin&auth=1,185.186.141.233,1,1
http://paypal-auth-support-70098.info/login?continue=signin&auth=1,185.22.177.30,1,1
http://accounts.security.microsoft-secure-login-23898.support/invoice,185.213.26.151,1,1
https://docs.streamlit.io/home,9.9.9.9,0,1
https://user@accounts.security.paypal-signin-update-71324.click/verify/account?continue=signin&auth=1,185.182.218.231,1,1
http://accounts.security.microsoft-signin-update-59877.buzz/login,185.84.93.206,1,1
http://security.bank-auth-support-45126.top/invoice?redirect=https%3A%2F%2Fexample.com,185.134.166.44,1,1
https://netflix-account-verify-38246.work/webscr,185.71.118.240,1,1
http://security.google-signin-update-21165.xyz/verify/account?redirect=https%3A%2F%2Fexample.com,185.131.100.27,1,1
https://docs.apple.com/search,9.9.9.9,0,1
http://paypal-account-verify-6070.work/password/recover,185.41.5.159,1,1
https://paypal-account-verify-97196.buzz/password/recover,185.111.235.62,1,1
https://docs.wikipedia.org/news,9.9.9.9,0,1
https://docs.streamlit.io/products,8.8.8.8,0,1
http://security.amazon-signin-update-85264.work/invoice?continue=signin&auth=1,185.220.21.186,1,1
https://security.paypal-auth-support-16253.info/verify/account?redirect=https%3A%2F%2Fexample.com,185.102.51.207,1,1
https://www.wikipedia.org/help?q=python,9.9.9.9,0,1
http://login.verify.bank-signin-update-98750.live/verify/account,185.156.6.171,1,1
http://accounts.security.amazon-confirm-wallet-90231.top/webscr?continue=signin&auth=1,185.214.119.149,1,1
https://accounts.security.bank-signin-update-83125.xyz/password/recover?redirect=https%3A%2F%2Fexample.com,185.106.111.48,1,1
https://docs.bbc.com/docs?q=research,1.1.1.1,0,1
http://login.verify.amazon-signin-update-93368.work/login?continue=signin&auth=1,185.60.181.197,1,1
http://accounts.security.netflix-account-verify-42505.support/login,185.160.61.127,1,1
https://user@accounts.security.bank-confirm-wallet-68935.buzz/password/recover?redirect=https%3A%2F%2Fexample.com,185.33.74.166,1,1
https://linkedin.com/news?q=security,76.76.2.0,0,1
http://login.verify.wallet-confirm-wallet-35318.xyz/login?continue=signin&auth=1,185.170.96.193,1,1
http://security.microsoft-signin-update-38336.work/login,185.127.135.133,1,1
http://accounts.security.wallet-account-verify-36043.xyz/webscr?redirect=https%3A%2F%2Fexample.com,185.140.207.213,1,1
https://www.bbc.com/news,9.9.9.9,0,1
https://support.streamlit.io/docs,9.9.9.9,0,1
https://accounts.security.apple-secure-login-57993.live/verify/account,185.153.179.70,1,1
https://docs.linkedin.com/about?q=python,208.67.222.222,0,1
http://bank-auth-support-24766.support/verify/account?continue=signin&auth=1,185.163.147.188,1,1
http://security.apple-secure-login-38839.buzz/webscr,185.21.250.14,1,1
http://login.verify.google-account-verify-15613.work/invoice,185.68.121.174,1,1
http://google-confirm-wallet-99652.top/password/recover?redirect=https%3A%2F%2Fexample.com,185.124.175.237,1,1
http://user@security.google-confirm-wallet-445.xyz/verify/account,185.193.200.121,1,1
https://accounts.security.paypal-secure-login-18061.info/invoice?continue=signin&auth=1,185.32.183.70,1,1
http://login.verify.netflix-account-verify-46859.xyz/invoice?redirect=https%3A%2F%2Fexample.com,185.122.251.139,1,1
https://apple.com/about,76.76.2.0,0,1
https://www.github.com/products?q=python,208.67.222.222,0,1
https://user@login.verify.paypal-auth-support-78539.support/login?redirect=https%3A%2F%2Fexample.com,185.176.50.176,1,1
http://login.verify.amazon-secure-login-81909.top/invoice,185.52.175.71,1,1
https://www.amazon.com/blog,76.76.2.0,0,1
https://support.github.com/products,9.9.9.9,0,1
http://185.43.18.25/webscr,185.160.2.28,1,1
https://www.nytimes.com/docs,9.9.9.9,0,1
http://amazon-secure-login-12104.live/invoice,185.107.211.93,1,1
http://185.43.165.241/password/recover,185.128.7.235,1,1
https://streamlit.io/docs,8.8.8.8,0,1
https://www.cloudflare.com/search?q=privacy,208.67.222.222,0,1
https://bank-signin-update-95646.work/password/recover?continue=signin&auth=1,185.76.106.28,1,1
https://mit.edu/products,76.76.2.0,0,1
https://accounts.security.microsoft-confirm-wallet-12138.top/webscr?redirect=https%3A%2F%2Fexample.com,185.48.16.206,1,1
https://netflix-secure-login-49057.buzz/login,185.110.29.122,1,1
https://security.wallet-account-verify-93882.xyz/password/recover?redirect=https%3A%2F%2Fexample.com,185.146.99.196,1,1
https://apple-signin-update-50997.top/password/recover?redirect=https%3A%2F%2Fexample.com,185.169.18.52,1,1
http://login.verify.apple-signin-update-47430.top/invoice?redirect=https%3A%2F%2Fexample.com,185.150.232.138,1,1
http://185.43.213.74/password/recover,185.29.166.222,1,1
https://security.paypal-account-verify-43767.info/login,185.166.254.251,1,1
https://login.verify.paypal-secure-login-12477.work/webscr?redirect=https%3A%2F%2Fexample.com,185.152.199.81,1,1
https://wallet-signin-update-24658.support/login,185.188.4.126,1,1
http://accounts.security.amazon-account-verify-7764.top/webscr?redirect=https%3A%2F%2Fexample.com,185.197.34.237,1,1
http://netflix-account-verify-76579.buzz/login?redirect=https%3A%2F%2Fexample.com,185.198.135.97,1,1
https://www.streamlit.io/search,8.8.8.8,0,1
https://amazon.com/products,76.76.2.0,0,1
http://wallet-confirm-wallet-47069.xyz/verify/account?redirect=https%3A%2F%2Fexample.com,185.136.105.176,1,1
https://login.verify.netflix-signin-update-34546.work/password/recover?continue=signin&auth=1,185.20.184.149,1,1
https://amazon-confirm-wallet-31705.buzz/login,185.181.6.103,1,1
http://185.43.67.129/webscr,185.91.42.141,1,1
https://docs.mozilla.org/help?q=research,1.1.1.1,0,1
https://www.amazon.com/blog,208.67.222.222,0,1
http://login.verify.google-account-verify-72774.support/password/recover?continue=signin&auth=1,185.10.16.239,1,1
http://accounts.security.amazon-auth-support-73065.live/verify/account?continue=signin&auth=1,185.69.52.38,1,1
http://login.verify.netflix-secure-login-40226.xyz/webscr,185.155.108.84,1,1
http://185.43.210.32/webscr,185.13.207.100,1,1
https://apple-account-verify-27435.work/invoice,185.175.193.131,1,1
http://accounts.security.bank-confirm-wallet-42952.click/webscr?continue=signin&auth=1,185.137.145.208,1,1
http://paypal-signin-update-69914.info/password/recover?continue=signin&auth=1,185.148.24.254,1,1
http://apple-confirm-wallet-32313.click/login,185.80.211.233,1,1
http://185.43.41.72/password/recover,185.157.55.225,1,1
https://login.verify.microsoft-signin-update-10779.info/password/recover?redirect=https%3A%2F%2Fexample.com,185.50.91.243,1,1
http://accounts.security.wallet-account-verify-76933.work/webscr?continue=signin&auth=1,185.17.99.13,1,1
http://google-confirm-wallet-60899.support/verify/account,185.27.154.64,1,1
http://login.verify.apple-secure-login-43175.info/verify/account,185.91.221.38,1,1
http://security.bank-secure-login-27302.xyz/password/recover?redirect=https%3A%2F%2Fexample.com,185.49.31.77,1,1
http://185.43.90.144/password/recover,185.216.164.55,1,1
http://netflix-secure-login-18847.live/webscr?redirect=https%3A%2F%2Fexample.com,185.51.27.56,1,1
http://user@login.verify.microsoft-auth-support-96625.work/password/recover?redirect=https%3A%2F%2Fexample.com,185.95.67.222,1,1
http://security.wallet-confirm-wallet-72877.xyz/webscr?continue=signin&auth=1,185.41.251.74,1,1
https://www.nytimes.com/blog,9.9.9.9,0,1
https://apple.com/products,76.76.2.0,0,1
https://bbc.com/docs?q=privacy,76.76.2.0,0,1
https://www.stackoverflow.com/news,76.76.2.0,0,1
https://cloudflare.com/about,208.67.222.222,0,1
http://accounts.security.netflix-secure-login-36712.work/invoice,185.57.132.14,1,1
http://accounts.security.netflix-signin-update-98426.info/password/recover,185.169.91.145,1,1
https://support.google.com/help,8.8.8.8,0,1
http://security.apple-signin-update-28925.live/webscr?continue=signin&auth=1,185.108.158.121,1,1
https://login.verify.wallet-confirm-wallet-6039.work/password/recover,185.106.16.26,1,1
https://www.linkedin.com/blog,208.67.222.222,0,1
http://login.verify.paypal-auth-support-70070.live/invoice?continue=signin&auth=1,185.176.44.63,1,1
http://login.verify.netflix-account-verify-25244.click/webscr?continue=signin&auth=1,185.33.176.163,1,1
http://accounts.security.google-secure-login-1415.work/login,185.169.44.142,1,1
http://accounts.security.apple-account-verify-33878.xyz/verify/account?continue=signin&auth=1,185.134.201.6,1,1
http://login.verify.paypal-account-verify-61815.buzz/login,185.206.167.97,1,1
http://bank-confirm-wallet-89427.xyz/verify/account?continue=signin&auth=1,185.67.65.156,1,1
https://security.netflix-account-verify-36913.top/password/recover?continue=signin&auth=1,185.127.160.52,1,1
https://accounts.security.microsoft-signin-update-10719.support/password/recover?redirect=https%3A%2F%2Fexample.com,185.76.48.213,1,1
https://microsoft-signin-update-38509.info/webscr?redirect=https%3A%2F%2Fexample.com,185.81.59.60,1,1
http://security.apple-auth-support-82883.top/webscr?redirect=https%3A%2F%2Fexample.com,185.67.187.186,1,1
http://security.google-signin-update-9531.buzz/webscr,185.91.177.3,1,1
http://login.verify.bank-confirm-wallet-86210.xyz/verify/account?continue=signin&auth=1,185.170.114.195,1,1
https://wallet-confirm-wallet-94921.top/password/recover?redirect=https%3A%2F%2Fexample.com,185.156.58.160,1,1
http://user@google-confirm-wallet-54768.xyz/password/recover?continue=signin&auth=1,185.145.101.123,1,1
http://bank-confirm-wallet-32430.buzz/verify/account?redirect=https%3A%2F%2Fexample.com,185.142.155.183,1,1
http://accounts.security.amazon-auth-support-73706.xyz/webscr?redirect=https%3A%2F%2Fexample.com,185.112.67.234,1,1
https://security.netflix-signin-update-44383.work/login,185.192.253.115,1,1
https://support.amazon.com/products,76.76.2.0,0,1
https://accounts.security.amazon-signin-update-60030.click/webscr?redirect=https%3A%2F%2Fexample.com,185.217.97.209,1,1
https://accounts.security.amazon-secure-login-45749.support/webscr,185.55.119.121,1,1
https://login.verify.apple-signin-update-62958.work/login?continue=signin&auth=1,185.147.217.112,1,1
http://accounts.security.paypal-account-verify-50274.live/webscr?continue=signin&auth=1,185.41.171.35,1,1
https://apple-account-verify-56968.buzz/verify/account?redirect=https%3A%2F%2Fexample.com,185.31.82.24,1,1
http://login.verify.microsoft-signin-update-72674.support/verify/account?continue=signin&auth=1,185.25.248.242,1,1
http://security.apple-auth-support-39652.info/webscr?continue=signin&auth=1,185.201.224.173,1,1
https://docs.google.com/search,208.67.222.222,0,1
http://security.bank-account-verify-2180.click/invoice?continue=signin&auth=1,185.34.46.122,1,1
https://support.github.com/blog,9.9.9.9,0,1
http://login.verify.wallet-signin-update-86205.click/invoice?redirect=https%3A%2F%2Fexample.com,185.40.90.73,1,1
https://accounts.security.netflix-auth-support-32616.info/password/recover?continue=signin&auth=1,185.185.240.145,1,1
http://user@google-auth-support-23477.top/login?redirect=https%3A%2F%2Fexample.com,185.51.157.65,1,1
http://netflix-signin-update-63191.xyz/invoice,185.113.149.49,1,1
http://accounts.security.wallet-secure-login-55713.click/login?redirect=https%3A%2F%2Fexample.com,185.220.103.54,1,1
http://accounts.security.amazon-signin-update-17780.click/password/recover?redirect=https%3A%2F%2Fexample.com,185.164.215.127,1,1
http://security.google-account-verify-77827.click/login?redirect=https%3A%2F%2Fexample.com,185.121.200.124,1,1
https://docs.google.com/search?q=privacy,1.1.1.1,0,1
http://185.43.191.65/webscr,185.61.159.223,1,1
http://login.verify.apple-secure-login-29030.work/webscr,185.108.56.46,1,1
https://docs.linkedin.com/docs,208.67.222.222,0,1
http://185.43.81.17/verify/account,185.26.173.121,1,1
https://login.verify.netflix-signin-update-77230.support/webscr?redirect=https%3A%2F%2Fexample.com,185.189.88.214,1,1
http://wallet-auth-support-55602.work/webscr,185.76.123.41,1,1
http://accounts.security.amazon-auth-support-54250.click/login?redirect=https%3A%2F%2Fexample.com,185.93.85.87,1,1
http://login.verify.bank-auth-support-6524.info/password/recover,185.105.57.66,1,1
http://wallet-auth-support-24174.live/password/recover,185.28.148.162,1,1
https://www.wikipedia.org/news,76.76.2.0,0,1
https://login.verify.netflix-signin-update-19903.work/password/recover,185.109.66.104,1,1
http://security.amazon-signin-update-19638.live/password/recover,185.192.92.221,1,1
http://login.verify.amazon-account-verify-62421.buzz/login?continue=signin&auth=1,185.110.99.179,1,1
http://login.verify.amazon-confirm-wallet-55857.click/login?continue=signin&auth=1,185.87.141.133,1,1
http://user@security.amazon-signin-update-5943.click/webscr,185.36.29.242,1,1
https://bank-confirm-wallet-54156.info/verify/account,185.155.229.233,1,1
https://login.verify.bank-account-verify-97791.work/webscr,185.220.240.128,1,1
http://security.bank-auth-support-81700.support/password/recover?continue=signin&auth=1,185.67.48.109,1,1
https://support.cloudflare.com/news,9.9.9.9,0,1
https://paypal-auth-support-84671.info/login?continue=signin&auth=1,185.89.144.166,1,1
http://login.verify.amazon-account-verify-64379.info/verify/account,185.145.208.203,1,1
http://accounts.security.wallet-secure-login-70387.top/webscr?continue=signin&auth=1,185.82.138.74,1,1
https://login.verify.amazon-auth-support-33738.live/password/recover?redirect=https%3A%2F%2Fexample.com,185.53.36.185,1,1
http://login.verify.bank-account-verify-15881.live/verify/account?redirect=https%3A%2F%2Fexample.com,185.219.254.132,1,1
http://login.verify.amazon-confirm-wallet-82800.work/webscr?redirect=https%3A%2F%2Fexample.com,185.78.178.252,1,1
http://185.43.86.198/password/recover,185.43.164.251,1,1
http://login.verify.google-secure-login-91812.work/login,185.78.238.109,1,1
http://accounts.security.microsoft-confirm-wallet-8655.support/webscr?redirect=https%3A%2F%2Fexample.com,185.214.58.71,1,1
http://user@security.amazon-secure-login-20216.work/login,185.46.107.22,1,1
https://python.org/home,9.9.9.9,0,1
http://accounts.security.google-auth-support-32560.xyz/invoice?redirect=https%3A%2F%2Fexample.com,185.157.126.178,1,1
https://login.verify.wallet-confirm-wallet-77773.top/password/recover?redirect=https%3A%2F%2Fexample.com,185.52.2.111,1,1
https://microsoft-account-verify-92806.buzz/invoice,185.115.54.169,1,1
http://bank-auth-support-95432.support/password/recover?redirect=https%3A%2F%2Fexample.com,185.150.56.213,1,1
https://security.netflix-signin-update-62621.click/password/recover?continue=signin&auth=1,185.41.100.35,1,1
https://accounts.security.amazon-confirm-wallet-13499.buzz/login?continue=signin&auth=1,185.203.112.82,1,1
http://security.wallet-account-verify-330.xyz/password/recover,185.116.46.126,1,1
http://security.netflix-confirm-wallet-62834.top/webscr,185.123.185.185,1,1
http://accounts.security.amazon-account-verify-43403.live/invoice?continue=signin&auth=1,185.202.252.167,1,1
https://accounts.security.amazon-confirm-wallet-32322.info/verify/account?redirect=https%3A%2F%2Fexample.com,185.185.237.63,1,1
https://support.bbc.com/search,76.76.2.0,0,1
https://docs.apple.com/home?q=research,8.8.8.8,0,1
http://security.paypal-signin-update-7604.top/invoice,185.194.110.132,1,1
https://security.wallet-secure-login-44784.xyz/login?continue=signin&auth=1,185.95.100.187,1,1
https://security.paypal-secure-login-35861.work/verify/account?continue=signin&auth=1,185.205.200.23,1,1
https://amazon-confirm-wallet-2051.work/webscr?redirect=https%3A%2F%2Fexample.com,185.69.154.184,1,1
http://security.netflix-account-verify-64910.work/login?continue=signin&auth=1,185.201.135.157,1,1
http://user@amazon-signin-update-57861.top/login,185.189.133.96,1,1
https://login.verify.bank-confirm-wallet-15335.live/password/recover,185.165.227.253,1,1
http://accounts.security.microsoft-auth-support-55975.info/login?redirect=https%3A%2F%2Fexample.com,185.95.16.67,1,1
http://wallet-auth-support-66722.support/invoice?redirect=https%3A%2F%2Fexample.com,185.215.191.149,1,1
http://security.wallet-secure-login-41734.info/webscr?continue=signin&auth=1,185.139.205.118,1,1
https://login.verify.wallet-confirm-wallet-28281.click/password/recover?redirect=https%3A%2F%2Fexample.com,185.118.187.230,1,1
http://netflix-signin-update-65611.work/webscr?continue=signin&auth=1,185.206.35.55,1,1
https://stackoverflow.com/products,8.8.8.8,0,1
https://security.netflix-secure-login-42170.top/invoice,185.139.182.122,1,1
https://www.google.com/blog,8.8.8.8,0,1
http://security.google-confirm-wallet-6453.work/login,185.78.144.87,1,1
http://185.43.143.153/password/recover,185.92.53.16,1,1
https://security.bank-auth-support-50967.info/webscr?continue=signin&auth=1,185.82.167.22,1,1
http://accounts.security.apple-confirm-wallet-66418.support/webscr?redirect=https%3A%2F%2Fexample.com,185.177.228.248,1,1
http://185.43.67.57/password/recover,185.140.192.133,1,1
http://google-signin-update-9369.top/webscr?continue=signin&auth=1,185.83.113.32,1,1
http://login.verify.wallet-confirm-wallet-41496.xyz/webscr?continue=signin&auth=1,185.186.173.53,1,1
https://www.google.com/about,9.9.9.9,0,1
https://www.bbc.com/help?q=privacy,76.76.2.0,0,1
https://microsoft-signin-update-35592.click/login?redirect=https%3A%2F%2Fexample.com,185.75.205.190,1,1
https://github.com/about,1.1.1.1,0,1
http://login.verify.apple-auth-support-87103.buzz/invoice?redirect=https%3A%2F%2Fexample.com,185.133.254.111,1,1
https://www.wikipedia.org/home,9.9.9.9,0,1
https://accounts.security.amazon-confirm-wallet-39329.work/invoice?continue=signin&auth=1,185.120.125.11,1,1
https://cloudflare.com/search,9.9.9.9,0,1
http://amazon-signin-update-30522.click/password/recover?continue=signin&auth=1,185.100.54.172,1,1
http://security.google-signin-update-16273.work/invoice,185.112.167.14,1,1
https://security.paypal-confirm-wallet-47470.buzz/invoice?redirect=https%3A%2F%2Fexample.com,185.215.42.234,1,1
http://accounts.security.wallet-secure-login-32218.xyz/password/recover?redirect=https%3A%2F%2Fexample.com,185.100.228.98,1,1
http://security.microsoft-confirm-wallet-89266.xyz/password/recover,185.20.62.132,1,1
http://login.verify.paypal-secure-login-16367.info/password/recover?redirect=https%3A%2F%2Fexample.com,185.156.18.245,1,1
https://accounts.security.google-auth-support-41109.buzz/webscr?continue=signin&auth=1,185.186.14.49,1,1
https://accounts.security.paypal-auth-support-35957.work/invoice?redirect=https%3A%2F%2Fexample.com,185.87.241.10,1,1
https://user@login.verify.netflix-secure-login-8751.info/invoice?continue=signin&auth=1,185.143.194.186,1,1
https://docs.nytimes.com/search,1.1.1.1,0,1
http://accounts.security.apple-account-verify-39122.support/password/recover,185.120.110.50,1,1
http://login.verify.apple-auth-support-50048.info/webscr?continue=signin&auth=1,185.113.67.113,1,1
http://wallet-confirm-wallet-83368.live/invoice?continue=signin&auth=1,185.54.195.196,1,1
http://netflix-auth-support-78598.work/verify/account?redirect=https%3A%2F%2Fexample.com,185.67.5.182,1,1
https://docs.apple.com/blog,208.67.222.222,0,1
http://login.verify.apple-signin-update-58963.xyz/login,185.114.93.158,1,1
https://bank-confirm-wallet-54800.info/login,185.120.247.115,1,1
https://support.apple.com/help,76.76.2.0,0,1
http://amazon-signin-update-60445.top/webscr?continue=signin&auth=1,185.189.6.104,1,1
http://accounts.security.apple-auth-support-6153.support/invoice?continue=signin&auth=1,185.174.36.151,1,1
http://security.apple-auth-support-44356.support/webscr?continue=signin&auth=1,185.50.51.52,1,1
https://www.google.com/blog,8.8.8.8,0,1
https://login.verify.microsoft-account-verify-30075.support/invoice,185.17.65.17,1,1
http://security.wallet-account-verify-36252.live/webscr,185.146.152.172,1,1
https://docs.nytimes.com/blog,208.67.222.222,0,1
http://security.bank-signin-update-13188.work/invoice,185.131.123.167,1,1
https://www.github.com/search?q=security,208.67.222.222,0,1
http://security.paypal-auth-support-74804.xyz/webscr?continue=signin&auth=1,185.121.126.185,1,1
https://accounts.security.bank-confirm-wallet-80210.live/password/recover,185.133.46.95,1,1
http://paypal-auth-support-99427.click/password/recover?continue=signin&auth=1,185.219.110.69,1,1
https://stackoverflow.com/blog,9.9.9.9,0,1
http://accounts.security.wallet-confirm-wallet-98432.live/login,185.24.21.242,1,1
https://www.bbc.com/products,208.67.222.222,0,1
http://login.verify.google-account-verify-86256.live/password/recover,185.83.143.42,1,1
https://google.com/products,9.9.9.9,0,1
https://apple.com/docs,76.76.2.0,0,1
http://security.apple-auth-support-48610.info/webscr?continue=signin&auth=1,185.154.101.196,1,1
https://login.verify.wallet-auth-support-54276.top/webscr?continue=signin&auth=1,185.211.222.148,1,1
http://amazon-secure-login-81239.xyz/login?continue=signin&auth=1,185.94.180.177,1,1
http://netflix-auth-support-98880.support/invoice?redirect=https%3A%2F%2Fexample.com,185.98.129.97,1,1
https://docs.stackoverflow.com/about,9.9.9.9,0,1
http://accounts.security.paypal-signin-update-61546.work/invoice?redirect=https%3A%2F%2Fexample.com,185.34.123.127,1,1
https://support.google.com/products,9.9.9.9,0,1
http://login.verify.paypal-account-verify-25979.top/login?continue=signin&auth=1,185.29.6.17,1,1
http://amazon-account-verify-70424.click/verify/account,185.117.23.123,1,1
https://login.verify.netflix-signin-update-48732.live/password/recover?continue=signin&auth=1,185.149.55.97,1,1
http://accounts.security.microsoft-account-verify-67516.click/password/recover,185.169.59.74,1,1
https://accounts.security.bank-auth-support-76473.info/login?redirect=https%3A%2F%2Fexample.com,185.198.62.71,1,1
http://185.43.115.139/verify/account,185.92.26.103,1,1
https://security.paypal-secure-login-99794.buzz/login,185.60.177.130,1,1
http://185.43.218.243/webscr,185.72.26.170,1,1
https://apple.com/help,208.67.222.222,0,1
http://user@security.wallet-signin-update-18649.top/password/recover?redirect=https%3A%2F%2Fexample.com,185.87.4.245,1,1
http://microsoft-auth-support-75317.buzz/webscr?redirect=https%3A%2F%2Fexample.com,185.95.108.14,1,1
http://microsoft-secure-login-59333.info/webscr?continue=signin&auth=1,185.86.88.100,1,1
http://accounts.security.paypal-account-verify-87503.top/verify/account?continue=signin&auth=1,185.67.113.166,1,1
https://www.stackoverflow.com/home?q=research,208.67.222.222,0,1
https://login.verify.bank-signin-update-39299.support/webscr?redirect=https%3A%2F%2Fexample.com,185.136.153.158,1,1
http://security.apple-confirm-wallet-38895.buzz/webscr?continue=signin&auth=1,185.50.219.107,1,1
http://security.bank-auth-support-96257.buzz/verify/account?redirect=https%3A%2F%2Fexample.com,185.27.4.106,1,1
http://185.43.127.16/password/recover,185.191.73.224,1,1
https://security.apple-confirm-wallet-78318.top/invoice?continue=signin&auth=1,185.103.5.126,1,1
https://www.mozilla.org/about,9.9.9.9,0,1
http://login.verify.microsoft-confirm-wallet-57760.support/login,185.198.130.210,1,1
http://login.verify.amazon-auth-support-37039.click/verify/account,185.42.114.73,1,1
http://accounts.security.google-auth-support-86570.xyz/webscr,185.96.237.213,1,1
https://github.com/about?q=research,1.1.1.1,0,1
http://185.43.90.33/invoice,185.18.225.55,1,1
http://login.verify.paypal-account-verify-89826.xyz/verify/account,185.56.30.240,1,1
https://mit.edu/docs?q=privacy,8.8.8.8,0,1
http://login.verify.apple-secure-login-677.buzz/password/recover,185.141.114.200,1,1
http://security.microsoft-account-verify-41889.live/login?continue=signin&auth=1,185.95.115.3,1,1
https://docs.nytimes.com/help,8.8.8.8,0,1
http://login.verify.apple-secure-login-99043.live/invoice?redirect=https%3A%2F%2Fexample.com,185.17.173.32,1,1
http://accounts.security.amazon-secure-login-81814.buzz/webscr,185.111.11.134,1,1
http://accounts.security.apple-account-verify-98626.top/webscr?redirect=https%3A%2F%2Fexample.com,185.113.243.104,1,1
http://accounts.security.google-signin-update-51556.live/invoice?continue=signin&auth=1,185.32.34.83,1,1
https://www.python.org/search,8.8.8.8,0,1
http://security.paypal-signin-update-70861.xyz/invoice?redirect=https%3A%2F%2Fexample.com,185.181.149.4,1,1
https://accounts.security.microsoft-secure-login-41456.info/login?redirect=https%3A%2F%2Fexample.com,185.216.247.18,1,1
http://login.verify.paypal-auth-support-59422.info/webscr?redirect=https%3A%2F%2Fexample.com,185.73.216.189,1,1
http://185.43.201.220/login,185.157.253.2,1,1
https://security.bank-account-verify-22680.info/webscr?redirect=https%3A%2F%2Fexample.com,185.160.80.43,1,1
http://login.verify.bank-auth-support-47154.click/webscr?redirect=https%3A%2F%2Fexample.com,185.145.101.216,1,1
http://google-account-verify-43823.work/webscr?continue=signin&auth=1,185.43.27.211,1,1
https://linkedin.com/help,1.1.1.1,0,1
https://support.bbc.com/products?q=privacy,8.8.8.8,0,1
http://login.verify.google-account-verify-12311.xyz/password/recover,185.64.253.174,1,1
http://login.verify.paypal-secure-login-69978.xyz/webscr?redirect=https%3A%2F%2Fexample.com,185.67.102.10,1,1
http://login.verify.microsoft-auth-support-96777.buzz/password/recover?continue=signin&auth=1,185.175.125.110,1,1
http://paypal-signin-update-15007.support/invoice,185.114.7.14,1,1
https://docs.linkedin.com/search,208.67.222.222,0,1
https://accounts.security.wallet-account-verify-59001.work/webscr?continue=signin&auth=1,185.122.20.183,1,1
https://accounts.security.google-secure-login-16054.work/invoice,185.67.212.222,1,1
http://accounts.security.wallet-secure-login-71651.click/password/recover,185.42.50.108,1,1
https://login.verify.paypal-secure-login-54494.support/invoice?continue=signin&auth=1,185.134.103.125,1,1
https://accounts.security.microsoft-confirm-wallet-81133.click/invoice?continue=signin&auth=1,185.178.54.71,1,1
https://security.netflix-secure-login-68124.live/invoice?continue=signin&auth=1,185.124.149.32,1,1
http://login.verify.apple-confirm-wallet-67986.work/login?continue=signin&auth=1,185.39.14.230,1,1
http://security.apple-auth-support-9089.info/login?continue=signin&auth=1,185.158.254.178,1,1
https://wallet-confirm-wallet-49140.top/invoice?redirect=https%3A%2F%2Fexample.com,185.114.162.211,1,1
https://login.verify.amazon-secure-login-653.buzz/login,185.165.248.30,1,1
https://security.wallet-auth-support-13592.click/invoice,185.178.87.37,1,1
http://security.netflix-auth-support-56451.live/invoice?continue=signin&auth=1,185.111.248.82,1,1
https://bbc.com/home,8.8.8.8,0,1
http://accounts.security.paypal-signin-update-97248.buzz/password/recover?redirect=https%3A%2F%2Fexample.com,185.215.223.52,1,1
http://security.paypal-account-verify-49961.support/invoice,185.112.91.68,1,1
https://docs.stackoverflow.com/search,9.9.9.9,0,1
http://security.paypal-confirm-wallet-23562.click/password/recover?continue=signin&auth=1,185.134.163.158,1,1
https://security.google-signin-update-53872.buzz/webscr?continue=signin&auth=1,185.182.39.26,1,1
https://support.github.com/help,8.8.8.8,0,1
http://paypal-secure-login-44977.xyz/verify/account?continue=signin&auth=1,185.50.85.144,1,1
https://accounts.security.amazon-account-verify-34193.top/invoice,185.27.152.33,1,1
http://amazon-confirm-wallet-27720.live/invoice,185.187.194.221,1,1
https://wallet-account-verify-41977.buzz/password/recover,185.120.251.122,1,1
http://security.netflix-auth-support-20951.info/login?redirect=https%3A%2F%2Fexample.com,185.48.15.133,1,1
http://security.netflix-auth-support-56109.work/verify/account?redirect=https%3A%2F%2Fexample.com,185.147.81.179,1,1
http://login.verify.paypal-secure-login-23924.click/verify/account,185.145.181.235,1,1
https://google-account-verify-32660.click/login,185.93.144.103,1,1
http://security.wallet-signin-update-91536.click/verify/account?continue=signin&auth=1,185.81.216.251,1,1
https://www.apple.com/search,9.9.9.9,0,1
https://www.amazon.com/about,76.76.2.0,0,1
http://paypal-secure-login-46792.work/webscr?continue=signin&auth=1,185.58.93.139,1,1
https://www.amazon.com/search?q=privacy,76.76.2.0,0,1
http://login.verify.apple-secure-login-42291.click/verify/account?continue=signin&auth=1,185.189.149.103,1,1
http://accounts.security.netflix-account-verify-35086.info/password/recover?continue=signin&auth=1,185.116.9.4,1,1
http://microsoft-secure-login-37011.support/webscr,185.191.250.119,1,1
http://paypal-confirm-wallet-43409.info/password/recover,185.179.178.180,1,1
https://accounts.security.bank-account-verify-59939.info/login,185.35.19.138,1,1
http://user@login.verify.amazon-auth-support-10238.buzz/login?continue=signin&auth=1,185.130.41.191,1,1
http://185.43.252.211/invoice,185.173.102.29,1,1
http://netflix-confirm-wallet-75806.info/invoice?continue=signin&auth=1,185.120.90.26,1,1
http://security.amazon-signin-update-42243.xyz/login?continue=signin&auth=1,185.98.80.34,1,1
https://accounts.security.wallet-secure-login-3412.live/login?redirect=https%3A%2F%2Fexample.com,185.37.215.83,1,1
http://login.verify.netflix-auth-support-38263.xyz/login?continue=signin&auth=1,185.72.147.134,1,1
https://security.microsoft-secure-login-32421.xyz/invoice,185.39.145.243,1,1
http://login.verify.bank-account-verify-40587.click/webscr,185.199.176.234,1,1
http://185.43.164.4/login,185.36.237.104,1,1
http://login.verify.amazon-account-verify-70491.click/login?continue=signin&auth=1,185.99.163.144,1,1
http://185.43.112.47/verify/account,185.99.137.221,1,1
https://login.verify.google-confirm-wallet-60018.support/verify/account?continue=signin&auth=1,185.21.62.227,1,1
http://netflix-auth-support-20807.live/invoice?redirect=https%3A%2F%2Fexample.com,185.152.99.228,1,1
http://login.verify.paypal-signin-update-54530.info/invoice?redirect=https%3A%2F%2Fexample.com,185.135.105.4,1,1
https://security.apple-auth-support-2943.support/webscr?continue=signin&auth=1,185.120.248.30,1,1
http://accounts.security.google-secure-login-53927.xyz/login,185.26.4.162,1,1
https://support.mit.edu/home?q=python,1.1.1.1,0,1
https://login.verify.google-confirm-wallet-66306.support/verify/account,185.136.192.10,1,1
https://www.google.com/search,1.1.1.1,0,1
http://login.verify.paypal-secure-login-7873.xyz/verify/account?redirect=https%3A%2F%2Fexample.com,185.175.246.122,1,1
https://accounts.security.wallet-signin-update-69303.buzz/login,185.19.219.49,1,1
https://amazon-signin-update-46495.work/login?continue=signin&auth=1,185.176.236.132,1,1
https://www.wikipedia.org/help,76.76.2.0,0,1
http://login.verify.paypal-signin-update-18927.top/verify/account?continue=signin&auth=1,185.16.28.160,1,1
https://accounts.security.bank-auth-support-7066.work/login?redirect=https%3A%2F%2Fexample.com,185.65.177.141,1,1
http://login.verify.bank-confirm-wallet-91057.buzz/verify/account,185.43.98.16,1,1
https://security.google-confirm-wallet-48186.top/verify/account?continue=signin&auth=1,185.10.195.196,1,1
http://accounts.security.bank-account-verify-863.buzz/webscr?continue=signin&auth=1,185.23.1.148,1,1
http://security.google-secure-login-77210.work/verify/account?redirect=https%3A%2F%2Fexample.com,185.53.147.140,1,1
http://security.apple-confirm-wallet-84993.info/invoice?redirect=https%3A%2F%2Fexample.com,185.151.162.17,1,1
http://user@login.verify.bank-secure-login-89505.support/password/recover,185.27.103.196,1,1
http://accounts.security.bank-secure-login-31629.xyz/verify/account?redirect=https%3A%2F%2Fexample.com,185.43.117.187,1,1
http://user@login.verify.amazon-signin-update-12166.click/webscr?continue=signin&auth=1,185.127.138.32,1,1
http://user@google-auth-support-8447.support/login,185.205.96.156,1,1
https://security.bank-account-verify-94846.work/invoice?continue=signin&auth=1,185.79.26.64,1,1
http://login.verify.bank-auth-support-31101.click/invoice?redirect=https%3A%2F%2Fexample.com,185.178.102.71,1,1
https://www.streamlit.io/docs?q=research,1.1.1.1,0,1
https://login.verify.amazon-confirm-wallet-7808.click/webscr,185.46.193.71,1,1
https://docs.linkedin.com/help,8.8.8.8,0,1
http://accounts.security.bank-secure-login-86942.live/login?continue=signin&auth=1,185.59.53.186,1,1
http://login.verify.netflix-secure-login-65848.live/password/recover?redirect=https%3A%2F%2Fexample.com,185.125.41.237,1,1
http://login.verify.netflix-confirm-wallet-42897.support/verify/account?continue=signin&auth=1,185.49.47.146,1,1
http://login.verify.netflix-confirm-wallet-47496.click/password/recover?redirect=https%3A%2F%2Fexample.com,185.42.237.138,1,1
https://security.bank-auth-support-2754.support/login,185.51.139.87,1,1
https://security.microsoft-confirm-wallet-34530.support/invoice?redirect=https%3A%2F%2Fexample.com,185.36.217.245,1,1
https://security.bank-secure-login-5906.top/invoice?continue=signin&auth=1,185.28.152.51,1,1
http://wallet-auth-support-90460.work/password/recover?redirect=https%3A%2F%2Fexample.com,185.145.139.208,1,1
https://linkedin.com/docs,9.9.9.9,0,1
https://support.mit.edu/products,208.67.222.222,0,1
http://185.43.32.244/login,185.95.165.65,1,1
http://user@security.microsoft-auth-support-66204.support/verify/account,185.40.108.68,1,1
http://accounts.security.paypal-signin-update-74452.support/verify/account,185.205.109.65,1,1
http://185.43.168.167/login,185.156.78.207,1,1
http://paypal-confirm-wallet-18456.live/verify/account,185.27.135.154,1,1
https://support.microsoft.com/blog,76.76.2.0,0,1
https://security.bank-signin-update-4091.top/password/recover,185.175.94.93,1,1
http://user@security.apple-auth-support-20397.live/invoice?continue=signin&auth=1,185.79.24.10,1,1
https://security.wallet-confirm-wallet-89634.info/password/recover?continue=signin&auth=1,185.58.21.205,1,1
http://login.verify.paypal-secure-login-21808.buzz/verify/account?redirect=https%3A%2F%2Fexample.com,185.10.253.100,1,1
http://185.43.129.96/login,185.70.99.21,1,1
http://security.apple-confirm-wallet-58883.live/verify/account?continue=signin&auth=1,185.45.80.177,1,1
https://docs.wikipedia.org/about,1.1.1.1,0,1
http://security.apple-confirm-wallet-71553.work/password/recover,185.90.129.240,1,1
http://amazon-secure-login-12118.top/invoice?redirect=https%3A%2F%2Fexample.com,185.121.72.223,1,1
http://185.43.251.91/invoice,185.158.95.44,1,1
http://security.microsoft-confirm-wallet-77720.click/invoice?continue=signin&auth=1,185.169.208.9,1,1
https://apple.com/news,208.67.222.222,0,1
http://accounts.security.apple-signin-update-88927.xyz/login?continue=signin&auth=1,185.139.114.29,1,1
http://security.amazon-secure-login-22079.live/invoice?continue=signin&auth=1,185.14.121.56,1,1
http://accounts.security.netflix-signin-update-9735.click/password/recover,185.33.87.153,1,1
https://login.verify.amazon-account-verify-88304.xyz/invoice?continue=signin&auth=1,185.84.202.101,1,1
https://accounts.security.netflix-confirm-wallet-30549.buzz/login?continue=signin&auth=1,185.197.20.186,1,1
http://accounts.security.netflix-account-verify-25332.work/login?redirect=https%3A%2F%2Fexample.com,185.73.22.86,1,1
http://wallet-account-verify-17800.click/password/recover,185.91.171.89,1,1
http://login.verify.paypal-account-verify-7271.support/webscr?redirect=https%3A%2F%2Fexample.com,185.216.49.52,1,1
https://accounts.security.netflix-secure-login-74688.info/login?continue=signin&auth=1,185.205.242.35,1,1
http://accounts.security.bank-account-verify-50006.live/login?redirect=https%3A%2F%2Fexample.com,185.78.145.16,1,1
https://bank-secure-login-75318.top/invoice?redirect=https%3A%2F%2Fexample.com,185.189.142.224,1,1
http://185.43.105.219/webscr,185.18.186.20,1,1
http://user@security.amazon-signin-update-23435.click/password/recover?continue=signin&auth=1,185.163.223.182,1,1
http://security.apple-secure-login-51269.top/webscr?continue=signin&auth=1,185.186.84.232,1,1
https://mit.edu/home,9.9.9.9,0,1
https://mozilla.org/help,1.1.1.1,0,1
https://accounts.security.google-account-verify-32985.xyz/webscr?redirect=https%3A%2F%2Fexample.com,185.127.169.35,1,1
https://login.verify.bank-signin-update-57672.live/invoice?redirect=https%3A%2F%2Fexample.com,185.32.42.229,1,1
https://login.verify.google-auth-support-9704.support/password/recover?continue=signin&auth=1,185.187.108.140,1,1
https://user@security.microsoft-auth-support-72017.xyz/login?continue=signin&auth=1,185.185.56.51,1,1
http://accounts.security.microsoft-account-verify-9486.work/invoice?continue=signin&auth=1,185.73.115.197,1,1
https://accounts.security.amazon-account-verify-4090.support/password/recover?continue=signin&auth=1,185.127.108.215,1,1
http://accounts.security.apple-secure-login-85481.support/webscr?redirect=https%3A%2F%2Fexample.com,185.118.55.158,1,1
https://bank-secure-login-33452.click/webscr,185.201.11.213,1,1
https://amazon-signin-update-23610.info/password/recover,185.35.131.141,1,1
http://bank-secure-login-4596.info/webscr?redirect=https%3A%2F%2Fexample.com,185.214.235.53,1,1
http://login.verify.wallet-secure-login-95631.info/password/recover?continue=signin&auth=1,185.72.250.75,1,1
http://user@amazon-secure-login-68324.xyz/invoice?continue=signin&auth=1,185.177.233.254,1,1
http://paypal-signin-update-33911.support/password/recover?continue=signin&auth=1,185.95.217.137,1,1
http://amazon-account-verify-20379.click/password/recover?redirect=https%3A%2F%2Fexample.com,185.207.54.116,1,1
http://accounts.security.bank-account-verify-2463.click/password/recover?continue=signin&auth=1,185.187.173.206,1,1
https://accounts.security.microsoft-confirm-wallet-25244.work/invoice?continue=signin&auth=1,185.32.219.60,1,1
http://security.amazon-account-verify-86521.xyz/webscr,185.174.131.103,1,1
http://google-account-verify-23810.info/invoice,185.27.84.223,1,1
https://stackoverflow.com/help,9.9.9.9,0,1
http://login.verify.paypal-secure-login-82834.info/password/recover?continue=signin&auth=1,185.195.7.97,1,1
http://accounts.security.netflix-confirm-wallet-1907.click/password/recover,185.157.214.77,1,1
https://support.microsoft.com/news,1.1.1.1,0,1
http://amazon-account-verify-72209.info/login,185.128.243.31,1,1
http://185.43.21.177/verify/account,185.209.123.35,1,1
https://bank-confirm-wallet-92703.xyz/webscr,185.38.81.189,1,1
https://accounts.security.netflix-confirm-wallet-42548.work/webscr,185.34.78.86,1,1
http://login.verify.paypal-secure-login-27559.live/webscr?redirect=https%3A%2F%2Fexample.com,185.93.52.28,1,1
http://google-account-verify-62144.work/verify/account,185.57.42.7,1,1
http://security.amazon-signin-update-80038.buzz/invoice?redirect=https%3A%2F%2Fexample.com,185.35.22.22,1,1
http://security.apple-auth-support-83247.buzz/webscr,185.179.63.126,1,1
https://login.verify.bank-auth-support-54907.live/login?continue=signin&auth=1,185.139.109.242,1,1
https://github.com/search,1.1.1.1,0,1
https://accounts.security.wallet-secure-login-1895.work/invoice?redirect=https%3A%2F%2Fexample.com,185.94.208.26,1,1
https://support.stackoverflow.com/docs,8.8.8.8,0,1
http://security.wallet-account-verify-53275.live/password/recover,185.128.252.245,1,1
https://login.verify.netflix-auth-support-17701.work/login?continue=signin&auth=1,185.42.169.150,1,1
http://security.bank-secure-login-68113.click/password/recover,185.98.7.137,1,1
http://accounts.security.wallet-secure-login-73215.buzz/password/recover,185.169.129.204,1,1
https://paypal-auth-support-53623.support/password/recover?continue=signin&auth=1,185.203.196.167,1,1
https://security.google-auth-support-66102.live/password/recover?redirect=https%3A%2F%2Fexample.com,185.154.18.213,1,1
https://cloudflare.com/search,76.76.2.0,0,1
http://security.bank-confirm-wallet-80760.work/webscr?continue=signin&auth=1,185.14.194.63,1,1
https://user@security.apple-confirm-wallet-11984.info/login,185.68.63.150,1,1
http://apple-signin-update-12170.top/webscr,185.15.106.19,1,1
https://www.bbc.com/news,208.67.222.222,0,1
http://accounts.security.google-signin-update-6171.work/verify/account,185.106.169.109,1,1
http://user@login.verify.netflix-account-verify-374.xyz/password/recover,185.51.163.90,1,1
https://accounts.security.bank-signin-update-89743.buzz/login,185.112.69.17,1,1
http://security.amazon-confirm-wallet-17635.top/password/recover,185.107.219.2,1,1
http://accounts.security.netflix-confirm-wallet-39691.info/verify/account,185.152.39.65,1,1
https://user@login.verify.netflix-confirm-wallet-82323.live/invoice?redirect=https%3A%2F%2Fexample.com,185.156.157.56,1,1
https://docs.amazon.com/search,76.76.2.0,0,1
http://login.verify.google-confirm-wallet-88240.click/password/recover?redirect=https%3A%2F%2Fexample.com,185.64.220.42,1,1
http://accounts.security.amazon-secure-login-96139.buzz/verify/account?continue=signin&auth=1,185.214.137.93,1,1
http://login.verify.amazon-confirm-wallet-18925.support/password/recover?continue=signin&auth=1,185.204.237.114,1,1
https://login.verify.apple-signin-update-37212.live/login,185.97.182.65,1,1
http://login.verify.paypal-signin-update-24552.xyz/invoice?continue=signin&auth=1,185.140.247.59,1,1
http://accounts.security.paypal-confirm-wallet-93118.buzz/webscr?continue=signin&auth=1,185.48.10.11,1,1
https://amazon.com/docs,9.9.9.9,0,1
http://accounts.security.apple-confirm-wallet-94356.work/webscr?redirect=https%3A%2F%2Fexample.com,185.177.116.220,1,1
http://security.wallet-secure-login-50599.buzz/invoice,185.215.51.39,1,1
http://accounts.security.apple-account-verify-969.live/webscr?continue=signin&auth=1,185.181.189.132,1,1
https://support.cloudflare.com/search,9.9.9.9,0,1
https://security.bank-auth-support-77117.buzz/webscr?redirect=https%3A%2F%2Fexample.com,185.150.78.248,1,1
http://security.wallet-secure-login-51217.click/login,185.47.128.39,1,1
https://login.verify.amazon-account-verify-7000.info/verify/account?redirect=https%3A%2F%2Fexample.com,185.67.214.49,1,1
http://user@security.google-signin-update-51667.buzz/verify/account,185.154.192.190,1,1
https://www.nytimes.com/products,1.1.1.1,0,1
https://microsoft-secure-login-87474.info/webscr,185.57.111.114,1,1
https://login.verify.amazon-auth-support-13223.top/invoice,185.150.37.61,1,1
http://login.verify.apple-secure-login-78203.click/webscr?redirect=https%3A%2F%2Fexample.com,185.108.231.148,1,1
https://security.google-confirm-wallet-36352.xyz/invoice?redirect=https%3A%2F%2Fexample.com,185.16.34.4,1,1
http://login.verify.paypal-signin-update-54379.support/webscr?continue=signin&auth=1,185.213.30.13,1,1
https://security.bank-secure-login-84793.live/login,185.76.44.169,1,1
https://microsoft-secure-login-59542.info/invoice?continue=signin&auth=1,185.158.206.205,1,1
https://login.verify.bank-secure-login-64068.info/webscr,185.143.68.71,1,1
https://nytimes.com/products,76.76.2.0,0,1
https://mozilla.org/news,1.1.1.1,0,1
http://security.wallet-auth-support-47319.top/login,185.121.120.145,1,1
http://login.verify.google-account-verify-85473.work/login?redirect=https%3A%2F%2Fexample.com,185.145.137.160,1,1
https://login.verify.wallet-confirm-wallet-23768.work/invoice,185.196.250.229,1,1
https://docs.streamlit.io/docs?q=privacy,208.67.222.222,0,1
https://paypal-signin-update-23148.top/webscr?redirect=https%3A%2F%2Fexample.com,185.210.238.113,1,1
http://user@google-secure-login-7710.click/password/recover,185.207.86.177,1,1
https://docs.mit.edu/search,1.1.1.1,0,1
https://accounts.security.amazon-auth-support-23659.top/login?redirect=https%3A%2F%2Fexample.com,185.40.35.124,1,1
https://www.google.com/home?q=research,9.9.9.9,0,1
http://security.google-auth-support-72789.support/webscr,185.60.181.156,1,1
https://accounts.security.netflix-auth-support-3634.info/verify/account,185.147.56.250,1,1
https://bank-auth-support-6012.live/webscr,185.37.73.244,1,1
http://accounts.security.google-secure-login-70812.top/invoice?continue=signin&auth=1,185.14.24.117,1,1
https://accounts.security.netflix-secure-login-58249.work/password/recover?redirect=https%3A%2F%2Fexample.com,185.30.94.246,1,1
https://login.verify.netflix-confirm-wallet-35117.click/login?redirect=https%3A%2F%2Fexample.com,185.124.179.112,1,1
https://security.amazon-signin-update-65725.work/password/recover,185.192.22.130,1,1
http://netflix-auth-support-49835.top/login?continue=signin&auth=1,185.156.95.240,1,1
https://amazon-signin-update-98840.top/login,185.131.94.179,1,1
http://login.verify.amazon-secure-login-74853.xyz/invoice?continue=signin&auth=1,185.103.57.156,1,1
http://microsoft-account-verify-24834.buzz/webscr?continue=signin&auth=1,185.133.145.149,1,1
http://security.google-account-verify-92983.live/invoice?redirect=https%3A%2F%2Fexample.com,185.172.245.142,1,1
http://login.verify.wallet-signin-update-86834.buzz/password/recover?redirect=https%3A%2F%2Fexample.com,185.111.181.33,1,1
http://accounts.security.microsoft-auth-support-46600.info/invoice,185.55.202.47,1,1
http://security.paypal-confirm-wallet-87278.xyz/password/recover?redirect=https%3A%2F%2Fexample.com,185.140.123.35,1,1
https://user@paypal-auth-support-85057.work/login?redirect=https%3A%2F%2Fexample.com,185.67.58.109,1,1
https://www.nytimes.com/home,1.1.1.1,0,1
http://185.43.28.9/password/recover,185.213.169.132,1,1
https://login.verify.amazon-signin-update-75562.info/verify/account?redirect=https%3A%2F%2Fexample.com,185.102.102.97,1,1
https://docs.mit.edu/about,76.76.2.0,0,1
https://linkedin.com/home?q=python,9.9.9.9,0,1
http://security.amazon-auth-support-55690.info/password/recover?redirect=https%3A%2F%2Fexample.com,185.15.210.104,1,1
https://www.nytimes.com/products?q=research,9.9.9.9,0,1
http://login.verify.wallet-confirm-wallet-74221.click/login,185.161.161.248,1,1
https://user@accounts.security.bank-confirm-wallet-51883.click/verify/account?redirect=https%3A%2F%2Fexample.com,185.172.30.136,1,1
http://user@accounts.security.amazon-signin-update-75439.support/webscr?redirect=https%3A%2F%2Fexample.com,185.95.201.105,1,1
https://docs.mit.edu/products,1.1.1.1,0,1
https://www.google.com/home?q=security,8.8.8.8,0,1
https://accounts.security.amazon-secure-login-63758.buzz/webscr,185.48.219.177,1,1
http://login.verify.microsoft-signin-update-87347.buzz/login?continue=signin&auth=1,185.58.219.152,1,1
https://github.com/about,1.1.1.1,0,1
http://amazon-auth-support-40451.live/invoice,185.78.44.76,1,1
http://login.verify.google-account-verify-6683.click/login?redirect=https%3A%2F%2Fexample.com,185.50.150.106,1,1
http://security.netflix-secure-login-19322.top/password/recover?redirect=https%3A%2F%2Fexample.com,185.189.172.187,1,1
http://login.verify.wallet-auth-support-68760.live/invoice?continue=signin&auth=1,185.176.105.198,1,1
http://accounts.security.google-secure-login-17665.xyz/webscr?redirect=https%3A%2F%2Fexample.com,185.71.198.121,1,1
http://185.43.125.84/password/recover,185.30.205.44,1,1
https://support.microsoft.com/docs,208.67.222.222,0,1
http://security.google-secure-login-47883.top/login,185.48.196.47,1,1
https://stackoverflow.com/blog,9.9.9.9,0,1
https://login.verify.microsoft-account-verify-49464.support/webscr?redirect=https%3A%2F%2Fexample.com,185.30.227.155,1,1
https://support.nytimes.com/home,208.67.222.222,0,1
http://apple-signin-update-47974.support/invoice?continue=signin&auth=1,185.28.99.130,1,1
http://user@accounts.security.microsoft-confirm-wallet-69407.top/webscr,185.57.128.133,1,1
http://apple-auth-support-53563.xyz/login?redirect=https%3A%2F%2Fexample.com,185.76.160.113,1,1
http://security.bank-account-verify-7864.click/webscr,185.19.61.237,1,1
https://support.mozilla.org/blog,76.76.2.0,0,1
https://login.verify.microsoft-account-verify-98562.buzz/invoice?redirect=https%3A%2F%2Fexample.com,185.126.104.10,1,1
http://login.verify.paypal-confirm-wallet-1147.buzz/invoice?continue=signin&auth=1,185.169.12.167,1,1
https://accounts.security.google-secure-login-45650.work/verify/account?redirect=https%3A%2F%2Fexample.com,185.205.249.88,1,1
https://user@apple-auth-support-31277.click/password/recover,185.154.237.121,1,1
https://accounts.security.netflix-auth-support-100.xyz/invoice?continue=signin&auth=1,185.26.116.47,1,1
http://login.verify.wallet-secure-login-7468.live/password/recover,185.95.241.95,1,1
http://185.43.198.204/login,185.204.242.70,1,1
http://accounts.security.bank-confirm-wallet-69858.live/invoice,185.111.166.208,1,1
https://www.stackoverflow.com/blog,76.76.2.0,0,1
http://security.netflix-account-verify-60568.top/password/recover?redirect=https%3A%2F%2Fexample.com,185.66.66.82,1,1
https://www.github.com/help,9.9.9.9,0,1
http://login.verify.paypal-auth-support-73136.xyz/login?redirect=https%3A%2F%2Fexample.com,185.17.165.114,1,1
https://security.bank-confirm-wallet-44667.click/invoice?redirect=https%3A%2F%2Fexample.com,185.131.129.91,1,1
https://accounts.security.bank-signin-update-62482.support/login?continue=signin&auth=1,185.125.92.196,1,1
http://login.verify.amazon-auth-support-95019.work/password/recover?redirect=https%3A%2F%2Fexample.com,185.97.196.245,1,1
http://google-auth-support-67402.info/verify/account?continue=signin&auth=1,185.204.192.105,1,1
http://login.verify.apple-confirm-wallet-33247.work/login,185.180.151.51,1,1
http://support.mit.edu/docs,1.1.1.1,0,1
http://google-secure-login-21281.click/webscr,185.139.166.78,1,1
http://security.netflix-confirm-wallet-19099.info/login?redirect=https%3A%2F%2Fexample.com,185.204.168.93,1,1
https://www.linkedin.com/search,9.9.9.9,0,1
http://login.verify.microsoft-account-verify-5778.top/webscr?redirect=https%3A%2F%2Fexample.com,185.63.240.139,1,1
https://docs.github.com/docs?q=security,8.8.8.8,0,1
https://security.microsoft-secure-login-88119.top/verify/account,185.92.222.41,1,1
http://accounts.security.apple-secure-login-17135.xyz/webscr,185.165.163.60,1,1
http://netflix-auth-support-35388.buzz/webscr?continue=signin&auth=1,185.71.73.42,1,1
http://accounts.security.bank-auth-support-66221.work/login?redirect=https%3A%2F%2Fexample.com,185.75.66.235,1,1
http://login.verify.amazon-confirm-wallet-87301.support/invoice?continue=signin&auth=1,185.146.74.69,1,1
https://nytimes.com/search,1.1.1.1,0,1
https://google-confirm-wallet-81967.buzz/invoice?continue=signin&auth=1,185.15.244.185,1,1
http://login.verify.apple-confirm-wallet-48623.click/webscr?redirect=https%3A%2F%2Fexample.com,185.73.65.123,1,1
https://www.mit.edu/docs,1.1.1.1,0,1
http://security.netflix-confirm-wallet-89720.xyz/webscr?redirect=https%3A%2F%2Fexample.com,185.121.123.75,1,1
http://accounts.security.paypal-signin-update-16325.info/password/recover?continue=signin&auth=1,185.96.250.48,1,1
http://login.verify.google-secure-login-49538.click/login?continue=signin&auth=1,185.207.22.69,1,1
https://accounts.security.apple-account-verify-8137.info/login?continue=signin&auth=1,185.97.230.101,1,1
http://user@accounts.security.netflix-secure-login-45449.info/verify/account?redirect=https%3A%2F%2Fexample.com,185.109.124.68,1,1
http://security.bank-secure-login-67383.xyz/password/recover?continue=signin&auth=1,185.139.163.148,1,1
http://security.apple-signin-update-79299.xyz/invoice?redirect=https%3A%2F%2Fexample.com,185.53.31.214,1,1
http://login.verify.google-secure-login-53599.support/webscr,185.154.37.5,1,1
http://accounts.security.bank-secure-login-97510.xyz/password/recover,185.21.9.119,1,1
http://security.microsoft-account-verify-97105.xyz/verify/account?redirect=https%3A%2F%2Fexample.com,185.96.41.177,1,1
https://security.amazon-secure-login-88419.buzz/invoice?continue=signin&auth=1,185.212.188.194,1,1
http://apple-confirm-wallet-94908.top/webscr?continue=signin&auth=1,185.113.104.67,1,1
http://login.verify.paypal-auth-support-5453.buzz/password/recover,185.145.228.165,1,1
http://apple-secure-login-42526.xyz/webscr?redirect=https%3A%2F%2Fexample.com,185.154.175.203,1,1
http://netflix-confirm-wallet-3728.xyz/invoice?redirect=https%3A%2F%2Fexample.com,185.116.159.164,1,1
https://login.verify.netflix-confirm-wallet-43917.live/webscr?redirect=https%3A%2F%2Fexample.com,185.17.42.95,1,1
http://login.verify.google-signin-update-6940.work/login,185.178.51.63,1,1
http://accounts.security.google-account-verify-49660.top/webscr?continue=signin&auth=1,185.117.181.118,1,1
https://netflix-auth-support-11940.info/invoice,185.206.23.40,1,1
http://login.verify.paypal-account-verify-71588.xyz/login?redirect=https%3A%2F%2Fexample.com,185.14.82.23,1,1
http://security.google-account-verify-47695.click/verify/account,185.204.176.56,1,1
https://user@login.verify.amazon-account-verify-54196.support/invoice?continue=signin&auth=1,185.47.198.3,1,1
http://login.verify.bank-signin-update-86857.work/webscr?redirect=https%3A%2F%2Fexample.com,185.10.14.227,1,1
